2026-09-22 18:34:03,Oficial,1485,1535
2026-09-22 18:34:03,Blue,1535,1555
2026-09-22 18:34:03,Bolsa,1530.4,1536.6
2026-09-22 18:34:03,Contado con liquidación,1594.6,1598.3
2026-09-22 18:34:03,Mayorista,1506,1515
2026-09-22 18:34:03,Cripto,1589.48,1593.58
2026-09-22 18:34:03,Tarjeta,1930.5,1995.5
2026-09-22 18:35:25,Oficial,1485,1535
2026-09-22 18:35:25,Blue,1535,1555
2026-09-22 18:35:25,Bolsa,1530.4,1536.6
2026-09-22 18:35:25,Contado con liquidación,1594.6,1598.3
2026-09-22 18:35:25,Mayorista,1506,1515
2026-09-22 18:35:25,Cripto,1589.48,1593.58
2026-09-22 18:35:25,Tarjeta,1930.5,1995.5
2026-09-22 19:31:51,Oficial,1485,1535
2026-09-22 19:31:51,Blue,1535,1555
2026-09-22 19:31:51,Bolsa,1530.4,1536.6
2026-09-22 19:31:51,Contado con liquidación,1594.6,1598.3
2026-09-22 19:31:51,Mayorista,1506,1515
2026-09-22 19:31:51,Cripto,1589.48,1593.58
2026-09-22 19:31:51,Tarjeta,1930.5,1995.5
2026-09-22 19:35:30,Oficial,1485,1535
2026-09-22 19:35:30,Blue,1535,1555
2026-09-22 19:35:30,Bolsa,1530.4,1536.6
2026-09-22 19:35:30,Contado con liquidación,1594.6,1598.3
2026-09-22 19:35:30,Mayorista,1506,1515
2026-09-22 19:35:30,Cripto,1589.48,1593.58
2026-09-22 19:35:30,Tarjeta,1930.5,1995.5
2026-09-22 19:38:49,Oficial,1485,1535
2026-09-22 19:38:49,Blue,1535,1555
2026-09-22 19:38:49,Bolsa,1530.4,1536.6
2026-09-22 19:38:49,Contado con liquidación,1594.6,1598.3
2026-09-22 19:38:49,Mayorista,1506,1515
2026-09-22 19:38:49,Cripto,1589.48,1593.58
2026-09-22 19:38:49,Tarjeta,1930.5,1995.5
2026-09-22 20:02:12,Oficial,1485,1535
2026-09-22 20:02:12,Blue,1535,1555
2026-09-22 20:02:12,Bolsa,1530.4,1536.6
2026-09-22 20:02:12,Contado con liquidación,1594.6,1598.3
2026-09-22 20:02:12,Mayorista,1506,1515
2026-09-22 20:02:12,Cripto,1589.48,1593.58
2026-09-22 20:02:12,Tarjeta,1930.5,1995.5
2026-09-22 20:02:56,Oficial,1485,1535
2026-09-22 20:02:56,Blue,1535,1555
2026-09-22 20:02:56,Bolsa,1530.4,1536.6
2026-09-22 20:02:56,Contado con liquidación,1594.6,1598.3
2026-09-22 20:02:56,Mayorista,1506,1515
2026-09-22 20:02:56,Cripto,1589.48,1593.58
2026-09-22 20:02:56,Tarjeta,1930.5,1995.5
2026-09-22 20:03:29,Oficial,1485,1535
2026-09-22 20:03:29,Blue,1535,1555
2026-09-22 20:03:29,Bolsa,1530.4,1536.6
2026-09-22 20:03:29,Contado con liquidación,1594.6,1598.3
2026-09-22 20:03:29,Mayorista,1506,1515
2026-09-22 20:03:29,Cripto,1589.48,1593.58
2026-09-22 20:03:29,Tarjeta,1930.5,1995.5
2026-09-22 20:13:32,Oficial,1485,1535
2026-09-22 20:13:32,Blue,1535,1555
2026-09-22 20:13:32,Bolsa,1530.4,1536.6
2026-09-22 20:13:32,Contado con liquidación,1594.6,1598.3
2026-09-22 20:13:32,Mayorista,1506,1515
2026-09-22 20:13:32,Cripto,1589.48,1593.58
2026-09-22 20:13:32,Tarjeta,1930.5,1995.5
2026-09-22 20:15:57,Oficial,1485,1535
2026-09-22 20:15:57,Blue,1535,1555
2026-09-22 20:15:57,Bolsa,1530.4,1536.6
2026-09-22 20:15:57,Contado con liquidación,1594.6,1598.3
2026-09-22 20:15:57,Mayorista,1506,1515
2026-09-22 20:15:57,Cripto,1589.48,1593.58
2026-09-22 20:15:57,Tarjeta,1930.5,1995.5
2026-09-22 20:20:35,Oficial,1485,1535
2026-09-22 20:20:35,Blue,1535,1555
2026-09-22 20:20:35,Bolsa,1530.4,1536.6
2026-09-22 20:20:35,Contado con liquidación,1594.6,1598.3
2026-09-22 20:20:35,Mayorista,1506,1515
2026-09-22 20:20:35,Cripto,1589.48,1593.58
2026-09-22 20:20:35,Tarjeta,1930.5,1995.5
2026-09-22 20:21:42,Oficial,1485,1535
2026-09-22 20:21:42,Blue,1535,1555
2026-09-22 20:21:42,Bolsa,1530.4,1536.6
2026-09-22 20:21:42,Contado con liquidación,1594.6,1598.3
2026-09-22 20:21:42,Mayorista,1506,1515
2026-09-22 20:21:42,Cripto,1589.48,1593.58
2026-09-22 20:21:42,Tarjeta,1930.5,1995.5
2026-09-22 20:33:07,Oficial,1485,1535
2026-09-22 20:33:07,Blue,1535,1555
2026-09-22 20:33:07,Bolsa,1530.4,1536.6
2026-09-22 20:33:07,Contado con liquidación,1594.6,1598.3
2026-09-22 20:33:07,Mayorista,1506,1515
2026-09-22 20:33:07,Cripto,1589.48,1593.58
2026-09-22 20:33:07,Tarjeta,1930.5,1995.5
2026-09-22 20:35:48,Oficial,1485,1535
2026-09-22 20:35:48,Blue,1535,1555
2026-09-22 20:35:48,Bolsa,1530.4,1536.6
2026-09-22 20:35:48,Contado con liquidación,1594.6,1598.3
2026-09-22 20:35:48,Mayorista,1506,1515
2026-09-22 20:35:48,Cripto,1589.48,1593.58
2026-09-22 20:35:48,Tarjeta,1930.5,1995.5
2026-09-22 20:56:18,Oficial,1485,1535
2026-09-22 20:56:18,Blue,1535,1555
2026-09-22 20:56:18,Bolsa,1530.4,1536.6
2026-09-22 20:56:18,Contado con liquidación,1594.6,1598.3
2026-09-22 20:56:18,Mayorista,1506,1515
2026-09-22 20:56:18,Cripto,1589.48,1593.58
2026-09-22 20:56:18,Tarjeta,1930.5,1995.5
2026-09-22 20:59:26,Oficial,1485,1535
2026-09-22 20:59:26,Blue,1535,1555
2026-09-22 20:59:26,Bolsa,1530.4,1536.6
2026-09-22 20:59:26,Contado con liquidación,1594.6,1598.3
2026-09-22 20:59:26,Mayorista,1506,1515
2026-09-22 20:59:26,Cripto,1589.48,1593.58
2026-09-22 20:59:26,Tarjeta,1930.5,1995.5
2026-09-22 21:08:07,Oficial,1485,1535
2026-09-22 21:08:07,Blue,1535,1555
2026-09-22 21:08:07,Bolsa,1530.4,1536.6
2026-09-22 21:08:07,Contado con liquidación,1594.6,1598.3
2026-09-22 21:08:07,Mayorista,1506,1515
2026-09-22 21:08:07,Cripto,1589.48,1593.58
2026-09-22 21:08:07,Tarjeta,1930.5,1995.5
2026-09-22 21:56:17,Oficial,1485,1535
2026-09-22 21:56:17,Blue,1535,1555
2026-09-22 21:56:17,Bolsa,1530.4,1536.6
2026-09-22 21:56:17,Contado con liquidación,1594.6,1598.3
2026-09-22 21:56:17,Mayorista,1506,1515
2026-09-22 21:56:17,Cripto,1589.48,1593.58
2026-09-22 21:56:17,Tarjeta,1930.5,1995.5
2026-09-22 23:28:00,Oficial,1485,1535
2026-09-22 23:28:00,Blue,1535,1555
2026-09-22 23:28:00,Bolsa,1530.4,1536.6
2026-09-22 23:28:00,Contado con liquidación,1594.6,1598.3
2026-09-22 23:28:00,Mayorista,1506,1515
2026-09-22 23:28:00,Cripto,1589.48,1593.58
2026-09-22 23:28:00,Tarjeta,1930.5,1995.5
2026-09-22 23:56:17,Oficial,1485,1535
2026-09-22 23:56:17,Blue,1535,1555
2026-09-22 23:56:17,Bolsa,1530.4,1536.6
2026-09-22 23:56:17,Contado con liquidación,1594.6,1598.3
2026-09-22 23:56:17,Mayorista,1506,1515
2026-09-22 23:56:17,Cripto,1589.48,1593.58
2026-09-22 23:56:17,Tarjeta,1930.5,1995.5
2026-09-23 20:26:08,Oficial,1485,1535
2026-09-23 20:26:08,Blue,1540,1560
2026-09-23 20:26:08,Bolsa,1537.6,1542.9
2026-09-23 20:26:08,Contado con liquidación,1605.8,1607.1
2026-09-23 20:26:08,Mayorista,1507,1516
2026-09-23 20:26:08,Cripto,1600.57,1604.45
2026-09-23 20:26:08,Tarjeta,1930.5,1995.5
2026-09-23 20:56:17,Oficial,1485,1535
2026-09-23 20:56:17,Blue,1540,1560
2026-09-23 20:56:17,Bolsa,1537.6,1542.9
2026-09-23 20:56:17,Contado con liquidación,1605.8,1607.1
2026-09-23 20:56:17,Mayorista,1507,1516
2026-09-23 20:56:17,Cripto,1600.57,1604.45
2026-09-23 20:56:17,Tarjeta,1930.5,1995.5
2026-09-23 21:56:17,Oficial,1485,1535
2026-09-23 21:56:17,Blue,1540,1560
2026-09-23 21:56:17,Bolsa,1537.6,1542.9
2026-09-23 21:56:17,Contado con liquidación,1605.8,1607.1
2026-09-23 21:56:17,Mayorista,1507,1516
2026-09-23 21:56:17,Cripto,1600.57,1604.45
2026-09-23 21:56:17,Tarjeta,1930.5,1995.5
2026-09-23 22:56:18,Oficial,1485,1535
2026-09-23 22:56:18,Blue,1540,1560
2026-09-23 22:56:18,Bolsa,1537.6,1542.9
2026-09-23 22:56:18,Contado con liquidación,1605.8,1607.1
2026-09-23 22:56:18,Mayorista,1507,1516
2026-09-23 22:56:18,Cripto,1600.57,1604.45
2026-09-23 22:56:18,Tarjeta,1930.5,1995.5
2026-09-25 13:58:52,Oficial,1495,1545
2026-09-25 13:58:52,Blue,1540,1560
2026-09-25 13:58:52,Bolsa,1551.7,1553.7
2026-09-25 13:58:52,Contado con liquidación,1619.8,1620.8
2026-09-25 13:58:52,Mayorista,1515,1524
2026-09-25 13:58:52,Cripto,1617.36,1621.33
2026-09-25 13:58:52,Tarjeta,1943.5,2008.5
2026-09-25 19:56:19,Oficial,1495,1545
2026-09-25 19:56:19,Blue,1540,1560
2026-09-25 19:56:19,Bolsa,1544.3,1557.3
2026-09-25 19:56:19,Contado con liquidación,1615.3,1616.6
2026-09-25 19:56:19,Mayorista,1516.5,1525.5
2026-09-25 19:56:19,Cripto,1609.84,1612.51
2026-09-25 19:56:19,Tarjeta,1943.5,2008.5
2026-09-26 11:33:41,Oficial,1495,1545
2026-09-26 11:33:41,Blue,1540,1560
2026-09-26 11:33:41,Bolsa,1544.3,1557.3
2026-09-26 11:33:41,Contado con liquidación,1615.3,1616.6
2026-09-26 11:33:41,Mayorista,1516.5,1525.5
2026-09-26 11:33:41,Cripto,1601.23,1606.69
2026-09-26 11:33:41,Tarjeta,1943.5,2008.5
2026-09-26 11:56:17,Oficial,1495,1545
2026-09-26 11:56:17,Blue,1540,1560
2026-09-26 11:56:17,Bolsa,1544.3,1557.3
2026-09-26 11:56:17,Contado con liquidación,1615.3,1616.6
2026-09-26 11:56:17,Mayorista,1516.5,1525.5
2026-09-26 11:56:17,Cripto,1601.23,1606.69
2026-09-26 11:56:17,Tarjeta,1943.5,2008.5
2026-09-26 23:17:30,Oficial,1495,1545
2026-09-26 23:17:30,Blue,1540,1560
2026-09-26 23:17:30,Bolsa,1544.3,1557.3
2026-09-26 23:17:30,Contado con liquidación,1615.3,1616.6
2026-09-26 23:17:30,Mayorista,1516.5,1525.5
2026-09-26 23:17:30,Cripto,1607.69,1613.92
2026-09-26 23:17:30,Tarjeta,1943.5,2008.5
2026-09-26 23:56:17,Oficial,1495,1545
2026-09-26 23:56:17,Blue,1540,1560
2026-09-26 23:56:17,Bolsa,1544.3,1557.3
2026-09-26 23:56:17,Contado con liquidación,1615.3,1616.6
2026-09-26 23:56:17,Mayorista,1516.5,1525.5
2026-09-26 23:56:17,Cripto,1607.69,1613.92
2026-09-26 23:56:17,Tarjeta,1943.5,2008.5
2026-09-27 00:56:20,Oficial,1495,1545
2026-09-27 00:56:20,Blue,1540,1560
2026-09-27 00:56:20,Bolsa,1544.3,1557.3
2026-09-27 00:56:20,Contado con liquidación,1615.3,1616.6
2026-09-27 00:56:20,Mayorista,1516.5,1525.5
2026-09-27 00:56:20,Cripto,1607.69,1613.92
2026-09-27 00:56:20,Tarjeta,1943.5,2008.5
2026-09-27 11:27:05,Oficial,1495,1545
2026-09-27 11:27:05,Blue,1540,1560
2026-09-27 11:27:05,Bolsa,1544.3,1557.3
2026-09-27 11:27:05,Contado con liquidación,1615.3,1616.6
2026-09-27 11:27:05,Mayorista,1516.5,1525.5
2026-09-27 11:27:05,Cripto,1611.4,1614.85
2026-09-27 11:27:05,Tarjeta,1943.5,2008.5
2026-09-27 11:56:17,Oficial,1495,1545
2026-09-27 11:56:17,Blue,1540,1560
2026-09-27 11:56:17,Bolsa,1544.3,1557.3
2026-09-27 11:56:17,Contado con liquidación,1615.3,1616.6
2026-09-27 11:56:17,Mayorista,1516.5,1525.5
2026-09-27 11:56:17,Cripto,1611.4,1614.85
2026-09-27 11:56:17,Tarjeta,1943.5,2008.5
2026-09-27 22:27:44,Oficial,1495,1545
2026-09-27 22:27:44,Blue,1540,1560
2026-09-27 22:27:44,Bolsa,1544.3,1557.3
2026-09-27 22:27:44,Contado con liquidación,1615.3,1616.6
2026-09-27 22:27:44,Mayorista,1516.5,1525.5
2026-09-27 22:27:44,Cripto,1609.31,1613.92
2026-09-27 22:27:44,Tarjeta,1943.5,2008.5
2026-09-27 22:56:17,Oficial,1495,1545
2026-09-27 22:56:17,Blue,1540,1560
2026-09-27 22:56:17,Bolsa,1544.3,1557.3
2026-09-27 22:56:17,Contado con liquidación,1615.3,1616.6
2026-09-27 22:56:17,Mayorista,1516.5,1525.5
2026-09-27 22:56:17,Cripto,1609.31,1613.92
2026-09-27 22:56:17,Tarjeta,1943.5,2008.5
